TrueLabel,CNN_Prob,Severity_Norm,FuzzyRiskScore,RiskCategory
OR_014,0.48475316,0.08014516310025067,49.76544049431236,Safe
OR_014,0.7531538,0.0790164403651435,53.73307170670906,Warning
Ball_014,0.9996611,0.014202584041043872,53.33515786157972,Warning
OR_014,0.8009276,0.05769157943750191,53.60885994269296,Warning
OR_007,0.9997217,0.7706093184788821,85.25679404193671,Critical
Ball_014,0.9679533,0.04073040714267699,53.34771766415603,Warning
Ball_007,0.55903393,0.07971696022888944,54.37110370776137,Warning
Ball_014,0.76937926,0.07169223344524192,53.68906411988993,Warning
Ball_014,0.996624,0.026983457381376138,53.33978492099028,Warning
OR_014,0.6887874,0.07245102382370422,53.92383634989885,Warning
OR_007,0.9993223,0.7939181545295547,85.49585291228587,Critical
IR_021,0.8581016,0.4687978067886133,61.53584969075675,Warning
IR_021,0.83694303,0.49532283943738087,65.135445033343,Warning
Ball_007,0.83038104,0.06990710275580925,53.541016141703864,Warning
Ball_007,0.61424905,0.06878021279372382,54.171970871788936,Warning
OR_007,0.9999895,0.8987119986271718,86.34157406872879,Critical
IR_021,0.82586044,0.3546980301518859,54.06544785553007,Warning
Ball_014,0.5208771,0.12278133732732037,54.51515081907759,Warning
Normal,0.9824578,0.013394393003093,53.336101728996425,Warning
OR_021,0.8617891,0.22584624905886158,53.67645967375277,Warning
IR_021,0.628602,0.5744522880830458,78.46057570060923,Warning
IR_007,0.9990277,0.27127281510183227,53.80256345109099,Warning
Ball_021,0.45205113,0.07092234604243094,38.40006062910256,Safe
IR_021,0.8574249,0.41147094008134316,55.28328331209525,Warning
Normal,0.9972,0.009061046382004268,53.33408223255221,Warning
OR_007,0.9929669,0.621653306909559,83.41523531067625,Critical
OR_021,0.5481405,0.11409517702266023,54.41172508421548,Warning
OR_007,0.9996176,0.9314201141169567,86.5103419336338,Critical
Ball_021,0.839516,0.10281916145731884,53.5214819249091,Warning
OR_007,0.9999368,0.7508555903280587,85.04220964685146,Critical
Ball_021,0.56755036,0.06824759621899405,54.33963848426319,Warning
OR_014,0.7419593,0.09436335664553035,53.764451281843655,Warning
IR_021,0.84489435,0.5181796899891908,68.80915803153758,Warning
Ball_021,0.6846365,0.0758884035552659,53.93694387764478,Warning
Normal,0.99875677,0.012240418793028807,53.33469289230933,Warning
IR_021,0.85222685,0.48813160634004804,64.10623429674096,Warning
Ball_021,0.78192323,0.09022174062221655,53.65629593205423,Warning
Ball_007,0.74662113,0.08058959086318827,53.75128532004316,Warning
OR_014,0.6090979,0.07545710575545435,54.19004120384378,Warning
OR_021,0.8574445,0.2108127622667587,53.63784274251143,Warning
Ball_007,0.6743215,0.07913891603898325,53.969902437604304,Warning
IR_014,0.97438025,0.10441128090113275,53.41931305596757,Warning
IR_021,0.8479354,0.46191193832901356,60.6805682240264,Warning
IR_007,0.99919313,0.2664564441872082,53.78856578632048,Warning
IR_021,0.8854806,0.44499587422537706,58.71660073350898,Warning
Ball_007,0.4793469,0.056992763578964684,47.99647724768084,Safe
Normal,0.99854964,0.011261463561106601,53.334485963945966,Warning
IR_007,0.9982975,0.25881312730348094,53.76664603700048,Warning
IR_007,0.9983511,0.2801695949981477,53.82878710350253,Warning
Ball_014,0.9765851,0.039409840338467374,53.346827856090655,Warning
OR_021,0.51657844,0.4966120175793669,65.32416303052167,Warning
IR_014,0.9956338,0.1186232058904607,53.44211747052781,Warning
OR_014,0.7959928,0.05861490395655571,53.62091326645924,Warning
OR_007,0.9993017,0.7398401107559748,84.91807269225131,Critical
OR_007,0.9999894,0.8979689939165904,86.3371362324398,Critical
Normal,0.99885297,0.011729197005217849,53.33458274295829,Warning
Ball_014,0.99981934,0.012267969773371034,53.33469895798892,Warning
IR_007,0.99889475,0.2892229879397018,53.8559490069626,Warning
IR_014,0.9927376,0.13019948078788404,53.46230801950131,Warning
Ball_007,0.7181538,0.0745260539594847,53.83378147408037,Warning
Ball_007,0.68935716,0.0678312061812208,53.92204427844377,Warning
Normal,0.9982346,0.008877170607082428,53.33405236321137,Warning
Normal,0.9981281,0.00813115975480068,53.333937330951464,Warning
IR_007,0.9952325,0.2769287818503888,53.819180149608265,Warning
OR_007,0.999944,0.9514305530348656,86.58583950708616,Critical
IR_007,0.996958,0.2774465318776729,53.82071078632007,Warning
IR_014,0.93206084,0.1303209136524728,53.46252722770171,Warning
IR_007,0.9990588,0.26878579391753205,53.79531783526492,Warning
IR_007,0.9990189,0.2694101323319388,53.797133230553,Warning
OR_014,0.5654209,0.07109347620647295,54.34748153764887,Warning
OR_014,0.8048217,0.07599577257518335,53.599482996691314,Warning
Ball_014,0.5488953,0.17797509294402794,54.40889724434518,Warning
IR_007,0.99930966,0.266903974077232,53.78986045301196,Warning
OR_014,0.8313218,0.07468112741952773,53.538970189992696,Warning
Normal,0.9984805,0.004394949340779592,53.333510880773616,Warning
OR_014,0.9212888,0.08723110835593681,53.39484641235182,Warning
Ball_014,0.42028543,0.0771685537565027,28.130670665395268,Safe
IR_007,0.9990903,0.27935211917095754,53.826357969085,Warning
OR_021,0.7490734,0.6338252903899921,83.58270825660743,Critical
Ball_007,0.6363689,0.092559543140529,54.09565591227893,Warning
OR_014,0.49324757,0.05271059727663887,52.48258704695022,Warning
Normal,0.99813145,0.007234964800966546,53.33381223193572,Warning
OR_007,0.99051887,0.6638396407139583,83.98422530370031,Critical
Ball_007,0.62446046,0.0952099684038883,54.13647833427083,Warning
Normal,0.9976356,0.01045838138600299,53.33432873963195,Warning
IR_014,0.9879382,0.12916675674828423,53.460449897049244,Warning
OR_007,0.9999701,0.9008374380934383,86.35412724944479,Critical
IR_014,0.9883405,0.09971416262676593,53.412277587044585,Warning
OR_014,0.88949466,0.07599676478736721,53.42881647428512,Warning
Normal,0.99836856,0.012022884521647553,53.33464546429989,Warning
Ball_007,0.62774605,0.06572693212944695,54.125153241117175,Warning
Ball_014,0.9903176,0.039632443399503066,53.34697598237886,Warning
OR_021,0.9125487,0.14756208460756778,53.49515243736999,Warning
OR_014,0.83860636,0.07671538827912688,53.52339349526661,Warning
OR_007,0.99998474,0.8273017736815084,85.80893128469361,Critical
Normal,0.9987097,0.007532333679972841,53.33385215391953,Warning
IR_007,0.98238856,0.31505040153478947,53.93595196347624,Warning
Normal,0.99774784,0.007497342260964418,53.33384737436575,Warning
Ball_014,0.5111841,0.0506977692151191,54.552501722643534,Warning
OR_021,0.71826607,0.5758434127649555,78.70817838716627,Warning
IR_021,0.6221328,0.33320935895020576,54.14452979429447,Warning
OR_014,0.62703234,0.0863746901221868,54.12760933711811,Warning
Ball_021,0.8562298,0.1074966136705791,53.48772596589939,Warning
IR_014,0.97118056,0.14679436193890086,53.49363764939331,Warning
Ball_007,0.5772316,0.09331028268278366,54.30419030372906,Warning
OR_007,0.98910856,0.6504850929393422,83.80764724412371,Critical
IR_014,0.9944983,0.12657056029524313,53.45582741419378,Warning
OR_014,0.77738595,0.08088459788272603,53.668018537458806,Warning
OR_021,0.6664465,0.33588037140890414,54.00302732975221,Warning
IR_021,0.8879778,0.378772956479694,54.14766900859881,Warning
IR_007,0.9970529,0.23790633572299244,53.70860349688865,Warning
IR_021,0.64470434,0.40074879592314894,54.29039632062611,Warning
OR_014,0.6237473,0.09890883637759931,54.138942719042674,Warning
OR_007,0.9979778,0.8713882965328147,86.1621769428072,Critical
IR_007,0.9978169,0.2453478175808058,53.72893349235647,Warning
Ball_014,0.99771845,0.0210751077284979,53.33730637370445,Warning
Normal,0.9980124,0.008754831819457992,53.33403282201071,Warning
OR_014,0.52366793,0.06268472134762822,54.504451873995954,Warning
Normal,0.99809414,0.008498734462402862,53.33399277492635,Warning
Ball_014,0.7992582,0.11029209001636546,53.612916311682454,Warning
OR_007,0.95439464,0.5593113257631588,75.79242584243597,Warning
OR_007,0.98635614,0.5900403964488835,81.2716453268247,Critical
OR_021,0.735156,0.3642360879627152,54.097714642425636,Warning
IR_021,0.8702856,0.505992957096726,66.8038320158321,Warning
OR_007,0.63655335,0.533957708498994,71.44605827267571,Warning
Ball_021,0.82441574,0.09339636398257962,53.55416922374388,Warning
OR_007,0.999864,0.7259215687827135,84.75687144627119,Critical
IR_021,0.8697085,0.5225271869973963,69.53152476970641,Warning
Normal,0.99756634,0.008693730195638379,53.334023161594224,Warning
IR_014,0.9650333,0.11385234917923898,53.43421287351446,Warning
OR_007,0.96191114,0.7748622896518572,85.30158843695935,Critical
IR_014,0.973078,0.12761736317658628,53.457682813708615,Warning
IR_007,0.99713147,0.2914390779829037,53.862669289300676,Warning
Ball_021,0.67494786,0.10000021003925949,53.96788552232978,Warning
IR_007,0.99944943,0.2607162525747948,53.77206976781974,Warning
IR_007,0.9976834,0.25836606797925854,53.76537527113196,Warning
Ball_014,0.7061139,0.09947752501531706,53.87012215597501,Warning
Ball_007,0.6193552,0.0689191308228693,54.15416776294659,Warning
OR_007,0.9999907,0.8688218563829507,86.14368405860434,Critical
OR_007,0.9983223,0.6559430029409326,83.88022433216862,Critical
Ball_021,0.34079552,0.10189353102947171,21.271099097680818,Safe
OR_014,0.6863308,0.07992838906454124,53.93158273547047,Warning
OR_021,0.86033547,0.6193984762806799,83.38393059195293,Critical
Ball_021,0.39147156,0.10637406855310111,22.396891913684875,Safe
Ball_014,0.8158654,0.052359478204783726,53.573552520652214,Warning
IR_014,0.9921894,0.09828475625028253,53.41018747266636,Warning
Ball_021,0.860464,0.11555332320393802,53.479598477547576,Warning
OR_014,0.7830334,0.07507183616335472,53.65345057108732,Warning
IR_021,0.8907601,0.4273281354466205,56.837301860166754,Warning
OR_007,0.9967595,0.8707514978304601,86.15761369368994,Critical
Ball_007,0.7262888,0.07560791747186328,53.8097037041294,Warning
OR_014,0.73014504,0.06016530381614435,53.798428116524,Warning
IR_014,0.9866486,0.09018599550392276,53.39880291398115,Warning
Ball_021,0.8168124,0.094356601682758,53.57137547796733,Warning
IR_014,0.99065244,0.13120597141586035,53.464129485384,Warning
Ball_014,0.991544,0.030671074985348847,53.341620051667284,Warning
IR_021,0.64221513,0.5396405430798132,72.40991689902091,Warning
OR_007,0.99871075,0.8851357794833248,86.25652540327893,Critical
OR_021,0.8664043,0.632453780070884,83.56396737318829,Critical
IR_014,0.97189283,0.08097940971904598,53.386831971592464,Warning
Ball_021,0.8175023,0.10764010034198541,53.569794121489366,Warning
OR_014,0.76335615,0.07375827858557972,53.7051914959545,Warning
Ball_007,0.6339448,0.08491012721819063,54.10391504110502,Warning
IR_014,0.9942761,0.12070401403668685,53.44564218320488,Warning
OR_021,0.9717121,0.2519745244883848,53.74734650160839,Warning
OR_007,0.99974364,0.7149492490089325,84.62650919422576,Critical
Ball_021,0.6359188,0.10074979851687234,54.097187402190784,Warning
IR_021,0.71775967,0.3335642629523316,53.99546187263394,Warning
OR_007,0.9955052,0.7588558003575882,85.1303856224546,Critical
IR_007,0.9990675,0.254022523270846,53.75309485126509,Warning
OR_021,0.9474869,0.7124610320391834,84.59655641847645,Critical
Ball_007,0.6977966,0.07188023412504357,53.89570284531082,Warning
OR_007,0.99999857,0.9442323094037889,86.56127584478354,Critical
Ball_014,0.99685127,0.022989726395352725,53.33804651538775,Warning
Normal,0.99868447,0.012980446177083656,53.33486040744775,Warning
OR_014,0.75933087,0.07740303726286792,53.71610798929539,Warning
OR_014,0.78482205,0.05647635501419507,53.648885098426405,Warning
Normal,0.9982035,0.011673642068434483,53.33457104782111,Warning
OR_014,0.6471344,0.07453353851193328,54.05929626200902,Warning
OR_021,0.99651057,0.8385962322192101,85.90634073664094,Critical
Ball_007,0.5970386,0.06124890321218937,54.23276903729121,Warning
OR_021,0.95229656,0.7394710979192392,84.91386069775652,Critical
Ball_007,0.72098285,0.06246800251611989,53.82536374216288,Warning
IR_021,0.5181179,0.500129693380964,65.84765540695238,Warning
OR_021,0.68756604,0.5405092643772057,72.55749184142236,Warning
Ball_014,0.43190566,0.20142784089996657,31.613074924697678,Safe
OR_014,0.79962295,0.07032740385242296,53.612028100010605,Warning
Ball_007,0.7407632,0.06874833155729433,53.76785152706191,Warning
Ball_014,0.59848905,0.08752713647266167,54.22759906184176,Warning
IR_021,0.87792873,0.4069808865095173,54.86357216920988,Warning
OR_021,0.91630435,0.2644922458809118,53.78289811456411,Warning
Ball_007,0.69244546,0.06747793663707465,53.91236065007446,Warning
Ball_014,0.87576133,0.011485540736509309,53.451735424106026,Warning
Ball_021,0.9459497,0.23547631241695371,53.70204578637358,Warning
OR_007,0.99117494,0.5802343862436765,79.49532646821689,Warning
OR_021,0.65663344,0.505064847293407,66.65212002805471,Warning
IR_021,0.841137,0.4270855487388937,56.8125167849592,Warning
Ball_014,0.98861104,0.03360461268621167,53.343234969246524,Warning
OR_014,0.86299574,0.08367962531757972,53.47482329135567,Warning
IR_007,0.99863154,0.26338449383370977,53.779712232547176,Warning
Ball_007,0.727853,0.06849147575458894,53.80511917737138,Warning
Ball_007,0.72726184,0.06056654469519078,53.8068500746813,Warning
IR_021,0.8666981,0.44520961204625653,58.74051780865425,Warning
IR_007,0.9995146,0.265996207180142,53.78723564355126,Warning
Normal,0.98865217,0.01199896652254508,53.33464029993411,Warning
OR_021,0.99200964,0.45514693137630574,59.87563747535817,Warning
OR_007,0.99989736,0.8618839686155665,86.0923505153878,Critical
OR_014,0.74031234,0.07714282270471781,53.76913554920307,Warning
Ball_007,0.7252215,0.07442535526719105,53.81284022343743,Warning
IR_021,0.89662915,0.44567036996879866,58.79214449798809,Warning
Ball_007,0.69935477,0.08818815945861071,53.89088148765991,Warning
Ball_014,0.9897864,0.03409536306639006,53.343518392503555,Warning
IR_014,0.9934797,0.12355354734170024,53.45054403227273,Warning
Ball_014,0.6373704,0.057040419265533354,54.09225118786533,Warning
OR_007,0.9997049,0.7085457172555966,84.54913802525152,Critical
Normal,0.9977393,0.01201435556122072,53.334643621584675,Warning
IR_014,0.9944882,0.0950658695755883,53.40556884968872,Warning
IR_007,0.99884903,0.2519925686409734,53.74739702999707,Warning
Ball_014,0.95967185,0.04235696084766158,53.34885007905439,Warning
IR_021,0.86115515,0.5427377457176317,72.9358749057509,Warning
IR_021,0.8394259,0.4207864919517134,56.176122088097266,Warning
IR_021,0.87296546,0.4880380383224546,64.09309528610619,Warning
Ball_007,0.80134994,0.06483767169429952,53.60783714252826,Warning
OR_021,0.92706776,0.6729963028859546,84.10329638120574,Critical
Ball_021,0.55101323,0.06731710201539755,54.40097267879321,Warning
OR_021,0.71862483,0.4687481509090073,61.52958702043093,Warning
Ball_014,0.8570329,0.13364795328256335,53.48617091413108,Warning
Ball_014,0.9841224,0.03814688128744629,53.34600182527314,Warning
Ball_014,0.57293624,0.06497242236859786,54.31987522929124,Warning
Ball_007,0.7717374,0.06200439636051199,53.6828186820821,Warning
Ball_007,0.7891375,0.06782225556658122,53.637967803654405,Warning
Ball_021,0.89889497,0.176866711625437,53.55703704247018,Warning
Ball_007,0.765621,0.07263757807464512,53.69909779226712,Warning
IR_014,0.9819282,0.0801952008036483,53.385861312101966,Warning
OR_014,0.82072955,0.06576873554963175,53.56245000314328,Warning
OR_021,0.9561681,0.35565779488879967,54.06867597575021,Warning
OR_021,0.7644132,0.37145562196652493,54.12240854497422,Warning
IR_007,0.99720544,0.24826547482943082,53.7370050861382,Warning
Ball_007,0.67651504,0.05887384219134897,53.962847994247426,Warning
Normal,0.9978017,0.00952731076158694,53.33416065612327,Warning
IR_007,0.99865365,0.2781450658385372,53.822778393658986,Warning
OR_007,0.999985,0.8869052981982917,86.26807813750088,Critical
IR_014,0.99525297,0.1311526687983957,53.464032762292796,Warning
OR_007,0.9999933,0.8576075993763566,86.0597520563,Critical
Ball_014,0.7460851,0.05451244031407219,53.75279208003933,Warning
IR_014,0.75455034,0.11067625945539185,53.72921429579798,Warning
Normal,0.9982377,0.010345100094129636,53.334307473445435,Warning
Ball_007,0.72980434,0.08116483016288373,53.799420696062874,Warning
Ball_021,0.81149024,0.07933382336109517,53.58370669004838,Warning
OR_021,0.9983998,0.9434962807734717,86.5585968621712,Critical
Ball_014,0.99673444,0.029031101296885038,53.34077692255399,Warning
OR_007,0.9925666,0.6068077726992601,83.20755945973251,Critical
Ball_014,0.7894827,0.08387245335524854,53.6371004386803,Warning
IR_021,0.7375487,0.48304005581379705,63.40018210397313,Warning
IR_007,0.99626464,0.2805453692680182,53.82990503489619,Warning
OR_021,0.8068504,0.464366432150169,60.982452019895454,Warning
OR_021,0.50910634,0.12276128350261398,54.560546273856524,Warning
Ball_007,0.7632034,0.0702623643197444,53.705603786378894,Warning
Ball_021,0.43205878,0.08908015820429634,31.6607259937998,Safe
Ball_007,0.53674173,0.05694008024822833,54.45466757024792,Warning
OR_021,0.93322206,0.7131575507433372,84.60495533552714,Critical
IR_021,0.8308781,0.5496354918764638,74.11654873147185,Warning
OR_014,0.7717032,0.0715188489893429,53.68290901499694,Warning
Normal,0.99833953,0.010373868976905034,53.334312852817874,Warning
IR_007,0.99960333,0.28914998065814235,53.85572808695786,Warning
Ball_021,0.51567477,0.06792697160748619,54.53516078231148,Warning
IR_007,0.9920919,0.2963248505269531,53.87758304237949,Warning
Normal,0.998517,0.010060263851362211,53.33425499918942,Warning
OR_014,0.8477754,0.07670174159530196,53.504472592445474,Warning
Ball_014,0.9959467,0.016910777858529007,53.33590865989096,Warning
IR_007,0.9985318,0.247799321801922,53.735711731056206,Warning
IR_014,0.9912179,0.0882181071815675,53.39615607282286,Warning
IR_021,0.89223444,0.4626630243535876,60.772604550516675,Warning
Normal,0.9986218,0.008339230689293235,53.3339684209528,Warning
IR_007,0.995275,0.28723233080873917,53.849936162885164,Warning
IR_007,0.99867404,0.2502297186110117,53.742470552405806,Warning
OR_007,0.99552155,0.8575476271234158,86.0592897783524,Critical
Normal,0.99764687,0.005892215560099414,53.33365167198717,Warning
Ball_021,0.8005431,0.10048762675727367,53.609792157909276,Warning
OR_014,0.8158259,0.0853746644563958,53.57364352969296,Warning
OR_014,0.79186594,0.07802932947113315,53.63113723131452,Warning
Ball_007,0.7684475,0.06677827199178692,53.691542512629205,Warning
OR_014,0.72324926,0.08090354022706037,53.81865417752198,Warning
IR_007,0.9981458,0.28599454332107904,53.846208819644254,Warning
Ball_007,0.71867985,0.07469293095229922,53.83221263769111,Warning
Ball_014,0.70937735,0.08008987457022423,53.86019024293531,Warning
OR_007,0.99987924,0.7808769670708998,85.36405666304553,Critical
OR_021,0.3898013,0.10824548692463214,22.358763302628493,Safe
Ball_014,0.77719754,0.05508300886795357,53.66850853347026,Warning
IR_014,0.98546547,0.10680907535232946,53.42300220161163,Warning
Ball_021,0.93269616,0.22883644079489768,53.6843348770386,Warning
IR_007,0.9990157,0.25339757217098585,53.751337865882775,Warning
IR_007,0.99757546,0.24026631315225855,53.71501061516776,Warning
Normal,0.99765104,0.005697941232287261,53.33363112142647,Warning
IR_021,0.8867855,0.44984239974344287,59.2639501616963,Warning
Normal,0.99523085,0.0032095463345726046,53.33354227217596,Warning
Ball_007,0.5292998,0.0690646665674789,54.48293764258943,Warning
OR_007,0.9976864,0.7775007293095796,85.3291193690066,Critical
Ball_014,0.4616469,0.0699343638582901,41.89652655111864,Safe
IR_007,0.99679583,0.24989372332188364,53.74153386765423,Warning
OR_007,0.9996332,0.7402750570483259,84.92303286987858,Critical
Normal,0.9976114,0.006333208347224165,53.33370083870478,Warning
OR_007,0.99932003,0.7272612041755685,84.77259223483436,Critical
IR_014,0.98913586,0.09118130405091959,53.400159586362435,Warning
OR_014,0.6345419,0.07405705964925054,54.10187814128069,Warning
Ball_007,0.6200197,0.05319704429566721,54.151859107847336,Warning
IR_007,0.99761707,0.24445930786105613,53.726486631699686,Warning
IR_021,0.86974275,0.5161082217356787,68.46644521013373,Warning
Ball_021,0.7166795,0.06569279191429189,53.83818657566074,Warning
Ball_014,0.7632655,0.08897869071964151,53.70543614849641,Warning
IR_014,0.98858565,0.08929095168988659,53.3975932001343,Warning
IR_007,0.9938008,0.23197499227942492,53.69266836638663,Warning
IR_021,0.8808401,0.553538249120277,74.79158828518808,Warning
OR_007,0.9999844,0.8947169519605422,86.31741302744288,Critical
IR_021,0.9192819,0.4154084590447218,55.65633352904988,Warning
Ball_014,0.4806768,0.16823737466276706,48.43474886580358,Safe
IR_014,0.9785649,0.07659158803415216,53.38150182523813,Warning
OR_014,0.86366564,0.08754600495803172,53.47357048221789,Warning
Ball_014,0.49808288,0.12728539199929817,53.99970217734512,Warning
Ball_021,0.8632444,0.09210824521871315,53.474357715365876,Warning
Normal,0.99466276,0.004921627282935067,53.3335947680712,Warning
OR_007,0.9997887,0.7359674141124164,84.87369914439894,Critical
Ball_021,0.7510361,0.09079137989401805,53.738945530475945,Warning
Normal,0.99776506,0.01255013706953612,53.33476184171108,Warning
Ball_021,0.6588979,0.07822194128007003,54.02017967147872,Warning
IR_021,0.87368464,0.47667691019130476,62.548257696097416,Warning
IR_021,0.87411654,0.4918187870431915,64.62907641211919,Warning
Ball_021,0.76535326,0.09014342886246574,53.69981633463795,Warning
OR_021,0.8628091,0.2746540860087239,53.81247428852143,Warning
Ball_014,0.6772691,0.06144138376526936,53.960428605073446,Warning
IR_014,0.9935749,0.08978287798908327,53.39825686408185,Warning
IR_007,0.9983911,0.26435359464612684,53.78249893867505,Warning
Ball_021,0.72959256,0.09089070054937946,53.800038027279264,Warning
OR_007,0.9996377,1.0,86.66666180868701,Critical
Ball_014,0.9968014,0.03654320875036365,53.34498835173253,Warning
OR_007,0.97033274,0.6980603910469851,84.4204574588233,Critical
Ball_007,0.73971474,0.06442668311881579,53.770839478544026,Warning
Normal,0.99228996,0.0026837945949096617,53.33387676420042,Warning
IR_007,0.99666494,0.26051442857305,53.77149350849018,Warning
OR_021,0.9858483,0.7692494097940921,85.24236340517135,Critical
IR_021,0.8264149,0.5453970205309213,73.38929475873083,Warning
Ball_021,0.67855835,0.08457804606316718,53.956298773545946,Warning
Normal,0.99837995,0.009605311902812464,53.334174150743756,Warning
OR_014,0.63116366,0.062295030055402684,54.11342293413688,Warning
Ball_014,0.9593388,0.044116386631040436,53.350119943898484,Warning
IR_007,0.99700123,0.3052621189827911,53.90520552207311,Warning
Ball_021,0.86537933,0.3238314296830871,53.963960616630416,Warning
Ball_007,0.56774086,0.0537849169021493,54.338937656860296,Warning
OR_014,0.69481564,0.0777462454042975,53.904963329362985,Warning
Normal,0.998454,0.010759241760440083,53.334386314928004,Warning
IR_007,0.9992175,0.2540119494711305,53.75306510324643,Warning
IR_007,0.9992878,0.2550184159307214,53.75589988116752,Warning
Ball_014,0.7273616,0.11360273447977642,53.806557779229124,Warning
Ball_007,0.48851064,0.06900659623318552,50.97613900665874,Warning
IR_014,0.9878197,0.14251351776672574,53.48529542081856,Warning
Ball_014,0.5738675,0.10398630262950057,54.31646881032623,Warning
OR_007,0.99999,0.8187687756701005,85.73239335695787,Critical
IR_021,0.8960924,0.4263079562486452,56.73321194080538,Warning
OR_007,0.9999651,0.803608541148253,85.59043421056815,Critical
OR_021,0.9594089,0.7135171571789708,84.6092872675813,Critical
IR_007,0.99319047,0.26932950553268153,53.79689865764889,Warning
Ball_007,0.7833989,0.07312230911419722,53.65251560301974,Warning
IR_014,0.9914386,0.1179662588351021,53.44101433158751,Warning
OR_014,0.8304268,0.08144062417791154,53.54091640582207,Warning
OR_021,0.67737687,0.44330583547260144,58.5281862703183,Warning
Normal,0.9984396,0.010076256543987165,53.33425790760539,Warning
Normal,0.9980325,0.006302017457353593,53.33369724642993,Warning
Normal,0.99830973,0.01102232727747573,53.334437963804355,Warning
OR_021,0.9192774,0.7071165587186838,84.53174298481068,Critical
IR_007,0.99903584,0.2765642488806922,53.81810342581285,Warning
Ball_014,0.98631763,0.03154681964371799,53.34208786883499,Warning
Ball_021,0.72103053,0.1125902167677313,53.825222264966776,Warning
Normal,0.9977416,0.005524434848020483,53.333613342039065,Warning
IR_007,0.99880326,0.24459266902875296,53.726853560015215,Warning
Ball_021,0.8352565,0.10198756546069106,53.530497595409166,Warning
Normal,0.9979625,0.01128403337759422,53.33449054596842,Warning
Ball_021,0.8478187,0.09823168902674609,53.50438514661001,Warning
Normal,0.9989052,0.012238675662910785,53.334692508983274,Warning
Ball_021,0.8267803,0.10701231332658967,53.548918592946514,Warning
Normal,0.9977858,0.009646429298926583,53.33418130751923,Warning
OR_014,0.8391004,0.09827388616893602,53.52235429533352,Warning
Ball_021,0.86156416,0.09722653988899799,53.47751558775863,Warning
IR_014,0.99557036,0.11149588432670678,53.43040059445053,Warning
Ball_021,0.7924912,0.08580614359408224,53.62957986718979,Warning
OR_021,0.8476051,0.27517178102763384,53.81399775650022,Warning
Ball_014,0.8645069,0.05576721949212508,53.47200356748731,Warning
IR_021,0.9033711,0.4595769964036468,60.39727100435044,Warning
Ball_014,0.94143254,0.04071699243590413,53.36226943805439,Warning
Ball_021,0.88335633,0.12164966904297772,53.44725935753017,Warning
OR_021,0.7123463,0.5681782173713948,77.3495979243539,Warning
OR_021,0.55682355,0.1156106800892487,54.379312577674604,Warning
Ball_014,0.99414563,0.033957464541984575,53.34343836984006,Warning
Ball_007,0.65913403,0.06957906099857807,54.01940111567332,Warning
Ball_014,0.8369797,0.05136763081676479,53.526830602129955,Warning
OR_007,0.769558,0.4749513102262484,62.32326509031525,Warning
IR_021,0.8300279,0.4625265906013545,60.75586408116893,Warning
OR_021,0.9870094,0.7567620023461732,85.10747265850972,Critical
Normal,0.99867034,0.010705272548273062,53.33437586986616,Warning
Ball_014,0.63298994,0.12516720101031675,54.10717557777276,Warning
Ball_007,0.701412,0.0650456699185288,53.88453627451702,Warning
OR_007,0.99315345,0.7463361947648158,84.9916558175663,Critical
Normal,0.9965827,0.006537947101825998,53.333724851864524,Warning
IR_007,0.9969512,0.25345010183756717,53.7514854509242,Warning
Normal,0.99728477,0.012323439407995403,53.33471121042202,Warning
OR_007,0.9999571,0.7657484134837679,85.20497582178167,Critical
OR_014,0.7596827,0.07291510511271948,53.71514941456411,Warning
IR_021,0.8517485,0.4449038215595266,58.706306283886356,Warning
OR_014,0.68009335,0.08560300419063815,53.95139282011485,Warning
IR_007,0.99692047,0.2828447205782472,53.83676360251654,Warning
OR_014,0.83394605,0.09956350423471508,53.533304124072934,Warning
IR_021,0.87379485,0.4169350509973751,55.80227973228603,Warning
Normal,0.99899155,0.020007701151775213,53.3369202789707,Warning
Ball_014,0.99307585,0.02797391748597053,53.34025630362561,Warning
Normal,0.99807394,0.0061395643829178365,53.333678818955505,Warning
Normal,0.9928188,0.005095312066881076,53.33380518608771,Warning
IR_021,0.84774345,0.42083803054840163,56.1812745968048,Warning
OR_021,0.9880216,0.5252077482569532,69.97905547727387,Warning
OR_014,0.84214205,0.07955182902164364,53.51600560245387,Warning
Ball_021,0.82813686,0.0968486948423285,53.5459281499491,Warning
Ball_007,0.67270184,0.05722001375356171,53.975126714690525,Warning
Ball_007,0.61079365,0.05145174908986902,54.18408034765751,Warning
Ball_014,0.6238976,0.10107356614238454,54.13842309042732,Warning
Ball_014,0.9918383,0.030994117650067723,53.34179119813603,Warning
Ball_021,0.6497895,0.07618485846901536,54.050410627517294,Warning
IR_021,0.7392085,0.34924807254002815,54.04719786874481,Warning
Ball_014,0.69261616,0.08675144218107446,53.91182686444265,Warning
IR_021,0.90276,0.42281206435470653,56.37928894120305,Warning
Ball_021,0.8349203,0.09925652585745623,53.5312162114335,Warning
IR_007,0.9983765,0.24120279467697325,53.717563499736684,Warning
IR_021,0.6574806,0.6188989033910116,83.37698312553411,Critical
IR_007,0.9983707,0.2785414202722647,53.82395285474192,Warning
IR_007,0.9980413,0.2620944694400972,53.776011751651644,Warning
OR_021,0.87030286,0.6429635653443635,83.70671861928112,Critical
Ball_007,0.48545602,0.07931743368119289,49.993029032686046,Safe
IR_021,0.5053226,0.5810827973012784,76.99037235098294,Warning
IR_007,0.99937373,0.30276997581001747,53.897459182468715,Warning
OR_007,0.9995913,0.6689402496256451,84.050757256297,Critical
OR_021,0.96684575,0.2206999216991491,53.66305498074248,Warning
OR_007,0.99910057,0.6585564277833432,83.91477663903899,Critical
Ball_021,0.65859574,0.10662753233855711,54.02117614937445,Warning
Ball_007,0.61399984,0.07810566939567386,54.1728425575195,Warning
Ball_014,0.9820827,0.043740823798933265,53.349844978978766,Warning
IR_007,0.9987306,0.24816133612537683,53.73671602667318,Warning
IR_007,0.99553126,0.24645723311366097,53.731996040397235,Warning
OR_007,0.9951643,0.8163227501777159,85.70999924862971,Critical
IR_007,0.9985102,0.2408359847163775,53.71656285852939,Warning
OR_007,0.99992776,0.7704218800972636,85.25480812010666,Critical
OR_021,0.88113356,0.1392742094615986,53.479101718752574,Warning
OR_007,0.9999573,0.8620012756783676,86.09323454283131,Critical
OR_007,0.99340445,0.8013069846902137,85.5682356167126,Critical
Ball_021,0.83144706,0.08375647304764092,53.53869829505676,Warning
OR_021,0.92454696,0.6722309102786145,84.09340721217971,Critical
IR_021,0.7253932,0.43090913588033947,57.20567154182619,Warning
OR_014,0.67957234,0.08121470260489444,53.953056628696785,Warning
IR_014,0.9917868,0.12776892387726096,53.45795239069522,Warning
Normal,0.9974336,0.010080691533471912,53.33425871494638,Warning
IR_014,0.94142413,0.14643185933205738,53.49292436453486,Warning
Ball_014,0.45400852,0.08966756774236147,39.12196639029439,Safe
Ball_014,0.6496723,0.13080016108341216,54.05080210501256,Warning
OR_007,0.9805563,0.6523264277567532,83.83219528615972,Critical
Ball_014,0.54121786,0.1037120064905821,54.43775238168321,Warning
IR_021,0.89203566,0.44013646222229874,58.17811980170046,Warning
IR_021,0.8667961,0.43239437106972034,57.359861523165456,Warning
IR_014,0.9929854,0.12449500406666988,53.45218244701146,Warning
IR_014,0.9666793,0.12823974972062538,53.45879135587421,Warning
Ball_021,0.7533462,0.10087870085364362,53.73253949875846,Warning
IR_007,0.9987214,0.24830171138749255,53.737105685200376,Warning
OR_007,0.9998356,0.7628920774604425,85.17422225266388,Critical
Ball_007,0.71609086,0.0803386349931073,53.83994900914484,Warning
Normal,0.9950128,0.008228126708064217,53.33395172401561,Warning
Normal,0.9971495,0.004511214198897431,53.33352036279773,Warning
Ball_007,0.72287744,0.059054434992637274,53.81975282613659,Warning
Ball_021,0.72129196,0.08518058543549074,53.82444685429329,Warning
Normal,0.99798393,0.00959873305738271,53.33417300841898,Warning
Ball_007,0.48879734,0.07960363767904524,51.06792565114075,Warning
OR_021,0.9945152,0.7837330270113133,85.39335222547918,Critical
Ball_007,0.55684334,0.06494684010273138,54.37923901001551,Warning
Ball_007,0.54921705,0.0779588327506271,54.40769238538896,Warning
IR_007,0.99863845,0.2764005072409032,53.817620037692215,Warning
Ball_021,0.8019539,0.08532351907118028,53.60637696965789,Warning
Ball_021,0.84627384,0.12501260085839683,53.507517817387956,Warning
OR_021,0.7364851,0.3843702708208427,54.16714618624878,Warning
IR_007,0.99913627,0.2628841487084098,53.7782757443652,Warning
OR_007,0.9999895,0.9276754535170795,86.49377265286122,Critical
OR_021,0.9933555,0.17492835984420652,53.55270795672819,Warning
Normal,0.99397117,0.009056833782496903,53.33408154154292,Warning
OR_007,0.99872667,0.6338960557402916,83.58367431949753,Critical
IR_014,0.9959955,0.10252551184261456,53.41645787947594,Warning
OR_021,0.9162414,0.20286875428444542,53.618115810373055,Warning
OR_007,0.9994703,0.6939932186817289,84.36989332030983,Critical
Ball_007,0.7153071,0.07595869640394316,53.84229864411531,Warning
IR_021,0.8155068,0.5214603964309307,69.35386014909706,Warning
OR_021,0.77869046,0.0888628559702465,53.664632930209116,Warning
IR_021,0.8873113,0.4242728225519509,56.52666203457194,Warning
Ball_021,0.81786156,0.09112542432593872,53.56897229578422,Warning
OR_021,0.7847778,0.39519282200858924,54.20517647497977,Warning
Ball_014,0.62029123,0.09917558015891446,54.15091613931428,Warning
Ball_014,0.7776835,0.08357064343722731,53.66724523227053,Warning
IR_007,0.9992417,0.2705586672008373,53.80047903053173,Warning
IR_021,0.8563079,0.42429521260409664,56.52892660790484,Warning
IR_021,0.9131123,0.43138679166422406,57.255167799646145,Warning
OR_021,0.8828937,0.6505070241808226,83.80793999750672,Critical
Ball_014,0.99516004,0.032198406521542745,53.34244384684577,Warning
OR_014,0.87562203,0.08396856992566748,53.45197825763647,Warning
IR_021,0.7308856,0.49638935578869553,65.29147346144175,Warning
Ball_007,0.5939771,0.05262708472795707,54.243709116639955,Warning
Normal,0.9969495,0.004299685989288284,53.33350329407042,Warning
Ball_007,0.71854526,0.07829871750676251,53.83261384717753,Warning
Ball_014,0.57453734,0.10196713281140496,54.31402063269994,Warning
OR_021,0.9881074,0.7360249262640071,84.874360855173,Critical
OR_007,0.99985063,0.7595142967560858,85.1375673946226,Critical
Normal,0.99886143,0.010946796094967893,53.33442301127723,Warning
IR_007,0.99714416,0.2735635700723612,53.809270374021196,Warning
Ball_007,0.7221822,0.0831052194625087,53.82180931020874,Warning
Normal,0.9988438,0.016669948785907985,53.33583680822991,Warning
Ball_007,0.57698894,0.07391685983981502,54.3050745377412,Warning
OR_021,0.5266978,0.2230199712025834,54.492864699096096,Warning
IR_014,0.9931329,0.08946339487664273,53.397825509280366,Warning
IR_021,0.88101417,0.3858425532817939,54.17229125723427,Warning
Ball_014,0.6245513,0.05586310877315462,54.13616459911823,Warning
IR_014,0.99592555,0.10628035671553139,53.422183116852025,Warning
Ball_021,0.8856408,0.111466510468404,53.43504085452312,Warning
Normal,0.9979988,0.010550381882598884,53.334346176837364,Warning
OR_021,0.98268855,0.7796770579629235,85.35167780881429,Critical
Normal,0.99880064,0.009221938563742935,53.33410885941826,Warning
Ball_014,0.97995913,0.03787125414875968,53.34582481166392,Warning
IR_021,0.5867024,0.43157660270366927,57.27486068349217,Warning
Ball_007,0.72296363,0.058982447434376264,53.81949808082255,Warning
OR_021,0.9268753,0.23505893614260423,53.700923512162326,Warning
OR_007,0.99998534,0.8651485970860139,86.11674744956716,Critical
IR_014,0.99098116,0.08782225829840325,53.39562937759622,Warning
Ball_021,0.46348953,0.07532270496694761,42.55285111404443,Safe
Ball_021,0.35085157,0.0995909408709775,21.48916160626501,Safe
Ball_007,0.43996626,0.06485694475478271,34.199578519689474,Safe
Normal,0.99704367,0.0043275951132606535,53.33350549969934,Warning
IR_007,0.99840456,0.27147377820244584,53.803150568961236,Warning
OR_007,0.99998677,0.921118038038374,86.46298655496796,Critical
OR_021,0.84469646,0.4994617619407933,65.74610894276796,Warning
OR_007,0.99546534,0.7164537311915402,84.64455068063067,Critical
IR_014,0.98881733,0.09821292964754162,53.41008307813321,Warning
OR_021,0.7916842,0.18230310944360115,53.63159044735802,Warning
Normal,0.99885964,0.014130947753855537,53.3351397132372,Warning
OR_007,0.999681,0.7227621438480906,84.71962527115465,Critical
OR_007,0.9997942,0.8314237949037231,85.84500486494878,Critical
Ball_021,0.8991754,0.10896301158832467,53.42637170769396,Warning
Ball_007,0.7325583,0.07514398300432676,53.79141764647428,Warning
IR_021,0.9044919,0.46731660423437504,61.349646186730986,Warning
Ball_007,0.5420303,0.07706031372024703,54.43468951350454,Warning
OR_007,0.9998964,0.7203718596711308,84.69128908559654,Critical
IR_007,0.99959034,0.2528219384296864,53.74972175492419,Warning
OR_007,0.99997604,0.8986832207384648,86.34140265969904,Critical
OR_014,0.7847317,0.06763882503906483,53.649115172497766,Warning
Ball_014,0.9679078,0.04180804528165144,53.348463442571216,Warning
Ball_007,0.71080697,0.06798950245708198,53.85585836320505,Warning
IR_007,0.99845564,0.2708723117070104,53.80139410070144,Warning
OR_007,0.708332,0.6452592255654152,83.73763386492759,Critical
Ball_014,0.35911545,0.06680081083708327,21.67041431288837,Safe
Ball_007,0.7049981,0.06229747311345234,53.87353164556743,Warning
OR_014,0.81548446,0.08869727508806352,53.574430343088444,Warning
Ball_014,0.3685173,0.232025060341165,21.878806400802134,Safe
OR_021,0.7989318,0.40148868756090716,54.357902083611776,Warning
OR_021,0.85158104,0.16324427034126723,53.52730568730519,Warning
IR_014,0.99181914,0.14783705464876057,53.495696352206394,Warning
IR_014,0.9927522,0.10545670313687555,53.42091344819645,Warning
OR_021,0.99587363,0.836314188889763,85.88702537180643,Critical
Ball_021,0.7469421,0.07941036308885159,53.750383958556995,Warning
IR_007,0.97771543,0.30432619145472845,53.90229243287856,Warning
Normal,0.9985952,0.008063421860957917,53.333927375644755,Warning
Ball_014,0.7249912,0.07313247238172436,53.81351795792711,Warning
OR_014,0.63003314,0.07194919457613176,54.117297575875575,Warning
OR_021,0.51512486,0.5486363031230298,72.04482488072837,Warning
Normal,0.9976839,0.007571861659059197,53.333857579403855,Warning
Ball_021,0.8553827,0.1379485956046852,53.48937298580576,Warning
IR_021,0.8543592,0.4274480456141336,56.84956088557412,Warning
OR_021,0.5331907,0.5455229931386282,72.74834720773853,Warning
OR_014,0.5135865,0.07322217195789496,54.54321682722289,Warning
OR_014,0.8979213,0.07447796094194685,53.41578734131844,Warning
OR_007,0.9999882,0.8287179287617934,85.82139159310415,Critical
Ball_014,0.5944916,0.06680500208235154,54.24186799339715,Warning
Ball_021,0.72013646,0.07542042068046127,53.827877188691666,Warning
OR_021,0.898124,0.22565782727771655,53.67596555087069,Warning
Ball_007,0.77384746,0.07027880462237039,53.677263436234185,Warning
IR_014,0.9848044,0.10114551562047276,53.41439445325315,Warning
OR_014,0.56716955,0.10770296673380575,54.341039876522466,Warning
Ball_014,0.98886055,0.22260135325352662,53.6679855266083,Warning
IR_007,0.99835867,0.2551908911850118,53.756386320132094,Warning
Ball_021,0.5152108,0.1186543780356236,54.53694947738642,Warning
Ball_007,0.67206866,0.05709636429508009,53.9771726728366,Warning
Normal,0.99733126,0.006572361998421497,53.33372896206938,Warning
IR_014,0.9951338,0.12298101853083018,53.44955223605253,Warning
OR_021,0.99281055,0.266580892574138,53.7889256815979,Warning
Ball_021,0.69637936,0.0824837103290559,53.90009951304296,Warning
Ball_007,0.66850495,0.06912906357187777,53.98872517614407,Warning
OR_007,0.9999945,0.8908165900191333,86.29312226969536,Critical
IR_014,0.97862864,0.10366366843812054,53.41817623513473,Warning
Ball_021,0.5528536,0.0815798588247396,54.39409933554752,Warning
IR_014,0.9924779,0.13621466009034267,53.473347098863,Warning
Ball_021,0.77339995,0.08637530115150865,53.67843898645236,Warning
IR_014,0.98712337,0.10395404290722639,53.41861701804765,Warning
Normal,0.99674207,0.00441131025643896,53.33351220029079,Warning
IR_007,0.995063,0.2343074242304504,53.69890580601527,Warning
Ball_021,0.8008748,0.10717423463668387,53.60898778274317,Warning
OR_007,0.9999857,0.8305454664130526,85.83736811238043,Critical
IR_021,0.8405157,0.3821533171879037,54.15941593323543,Warning
IR_007,0.9987324,0.24673931357959047,53.7327760208377,Warning
IR_021,0.5565863,0.3456514073686309,54.380194610622375,Warning
OR_021,0.9986915,0.3124531697429666,53.927744254717524,Warning
Ball_007,0.7115653,0.07239522600349473,53.85356520584964,Warning
IR_021,0.85931087,0.5074670310234843,67.04511421714034,Warning
Normal,0.99821717,0.011130488919151943,53.33445955019998,Warning
OR_021,0.98448896,0.3142746059118683,53.933496610818885,Warning
IR_021,0.93770987,0.39812862262115734,54.21557545322478,Warning
Normal,0.9966965,0.005175324106393555,53.33357921230557,Warning
IR_014,0.99208236,0.1297869608452254,53.46156447862486,Warning
IR_007,0.9992625,0.28267792710266426,53.83626504965751,Warning
OR_014,0.49679318,0.07511842190460792,53.59695601204236,Warning
OR_007,0.9998672,0.7114386448321197,84.58420793937081,Critical
IR_014,0.98090184,0.08809784572152493,53.3959958558949,Warning
OR_021,0.92165864,0.2418460688989805,53.719320505538164,Warning
Ball_007,0.6821676,0.07829475139106738,53.94478265628988,Warning
Ball_021,0.839122,0.09870589367818931,53.522308961523315,Warning
IR_014,0.9814418,0.14546154832926053,53.49102133876186,Warning
Ball_014,0.8174589,0.07422183908822334,53.56989346259297,Warning
IR_014,0.98841876,0.09990695679503792,53.41256132467279,Warning
OR_021,0.817894,0.5952705068878993,82.23097777876814,Critical
OR_021,0.38266963,0.10977136225627138,22.196710197809516,Safe
IR_021,0.68214273,0.5846060853097373,80.28800669614988,Critical
Ball_021,0.88020647,0.10882766127063499,53.44409419099296,Warning
Normal,0.9984617,0.007823907743168315,53.333892829555076,Warning
IR_007,0.9987135,0.25429482275648035,53.75386117791214,Warning
Ball_007,0.7449508,0.06074985155098029,53.75598676961933,Warning
IR_014,0.9926301,0.117360760681532,53.4400017157233,Warning
Ball_007,0.7136321,0.0645953066440251,53.84733215991829,Warning
IR_021,0.83407503,0.42621174240387605,56.723414261304356,Warning
Ball_014,0.9515311,0.21676234245461076,53.652927953485246,Warning
IR_007,0.9989335,0.2503709440845453,53.74286447891324,Warning
Ball_021,0.6466963,0.08540160023130335,54.06076554659351,Warning
IR_007,0.99585766,0.25580292145909617,53.75811398854052,Warning
Normal,0.995542,0.006726415747559637,53.33374762100015,Warning
Ball_021,0.71652377,0.10034727275269693,53.8386526862352,Warning
Ball_021,0.75590247,0.08319590664572797,53.725491837837296,Warning
IR_007,0.99860364,0.25126909067637304,53.74537275267947,Warning
IR_021,0.8948141,0.47450374106171217,62.26521553326299,Warning
IR_021,0.91874164,0.4495983122747517,59.23612721830767,Warning
OR_007,0.9996123,0.8745400734284919,86.18451450670396,Critical
IR_014,0.9871673,0.13956878539364548,53.47966068757434,Warning
IR_021,0.8850187,0.4879252710232665,64.07726860474907,Warning
OR_014,0.82187307,0.0792912102600724,53.55986880762784,Warning
Ball_014,0.9499748,0.046242106233110696,53.35472158968107,Warning
Ball_021,0.8464376,0.1061303923438614,53.507184732897436,Warning
OR_021,0.9630537,0.751271602756422,85.0468364517427,Critical
Normal,0.9981427,0.007419926431064109,53.33383687760358,Warning
OR_014,0.80336213,0.07518854897798731,53.60298360695735,Warning
IR_021,0.8625734,0.4519306351626144,59.50313061831554,Warning
Ball_007,0.7895614,0.0682746513457019,53.636902890958645,Warning
IR_021,0.50984544,0.41572240344374134,56.692946208833355,Warning
Ball_021,0.8303934,0.09156318820612407,53.54098925795677,Warning
Normal,0.99783057,0.007620518040445829,53.33386429608505,Warning
Ball_021,0.8741871,0.10647036144328074,53.45449160889528,Warning
Ball_014,0.5480352,0.09805163092906101,54.412119837874656,Warning
Normal,0.99837697,0.0070461132690461505,53.333787698524574,Warning
IR_021,0.64023185,0.5996778162323785,83.05075402327769,Critical
OR_014,0.7063025,0.07976393100210362,53.869546400178216,Warning
IR_014,0.98481476,0.1149895632381274,53.436074535082184,Warning
IR_021,0.8258175,0.5791911382760867,79.3075148096091,Warning
IR_014,0.9911453,0.08812301394885333,53.39602937128338,Warning
Ball_021,0.77414644,0.08339566830381492,53.676478857442184,Warning
Ball_021,0.6067125,0.08593089129353383,54.198446208853916,Warning
Normal,0.99833655,0.008043434271044501,53.333924453704284,Warning
IR_007,0.9918635,0.27387936367215004,53.81019743662372,Warning
IR_007,0.9992848,0.2689427813739732,53.79577408575358,Warning
IR_007,0.9990301,0.2780352005400312,53.82245300955154,Warning
OR_007,0.9998883,0.7437045866965396,84.96197618355978,Critical
Ball_007,0.74636585,0.07682635655722989,53.75200269809778,Warning
IR_021,0.85867083,0.46923668981577465,61.59126424261306,Warning
OR_014,0.7017099,0.07591636504011116,53.88361937590829,Warning
IR_014,0.99439585,0.12038534112787769,53.44509936812881,Warning
Normal,0.9979686,0.0073054997070371944,53.333821558470596,Warning
OR_007,0.99951005,0.889151679616056,86.28254502309753,Critical
IR_014,0.9939387,0.11943641711899933,53.44348944839775,Warning
IR_021,0.9427722,0.4369298003940042,57.83604252306542,Warning
OR_014,0.76388305,0.07023881332577181,53.703770695601875,Warning
Ball_007,0.69084877,0.07844759860232353,53.91736087345115,Warning
IR_007,0.99908674,0.23870939871456698,53.71077950321981,Warning
Normal,0.9984353,0.012030513131686491,53.33464711356622,Warning
Ball_007,0.718097,0.05946794277029429,53.83395096804987,Warning
IR_007,0.99873537,0.25056688349898504,53.74341123630735,Warning
IR_014,0.9769787,0.0920534337061571,53.401358224061745,Warning
Ball_007,0.63528585,0.07949124679456629,54.09934267197261,Warning
IR_021,0.85136676,0.5015892274408318,66.08521707070864,Warning
Ball_014,0.96674603,0.037681349373047915,53.345703531952765,Warning
Ball_007,0.6932326,0.07516020903410472,53.90990064622396,Warning
IR_021,0.8584054,0.5031128219960672,66.33350556902087,Warning
OR_007,0.99982774,0.8713043548408131,86.1615763821603,Critical
OR_021,0.5790078,0.7278816558850185,82.80910254589013,Critical
IR_007,0.9979809,0.2719896089719849,53.804658696156,Warning
IR_007,0.9969118,0.2513909037637193,53.74571334595458,Warning
Normal,0.99843556,0.007474365939882102,53.33384424786129,Warning
Ball_007,0.6731339,0.06884930828218072,53.97373173311244,Warning
Ball_021,0.6121548,0.18609609509061661,54.179304333297814,Warning
Normal,0.99877733,0.01513614407622177,53.33540245846121,Warning
OR_014,0.70707774,0.0709031337154291,53.86718252996925,Warning
OR_021,0.7349706,0.41468749603741845,55.587666465945226,Warning
OR_021,0.6682714,0.5505798990851815,74.27940623031915,Warning
IR_014,0.96576667,0.0757136341273371,53.380465021663724,Warning
Normal,0.99883527,0.008522789441834887,53.33399648698576,Warning
IR_007,0.99883264,0.26293971267002403,53.778435191318806,Warning
OR_007,0.99998283,0.8346878593378884,85.87314574310246,Critical
OR_014,0.7030269,0.08663195657106777,53.87957185428413,Warning
Ball_021,0.78267056,0.09467566446569062,53.65437949580237,Warning
Ball_007,0.47995332,0.0773641617361125,48.19658463567643,Safe
OR_014,0.63149285,0.0787516411770566,54.112295733309395,Warning
Ball_007,0.66221356,0.08596004848359337,54.009273042764015,Warning
Ball_014,0.99403125,0.029264170211872977,53.34089411886606,Warning
OR_021,0.74585706,0.4142842661473444,55.54933296825829,Warning
IR_007,0.9979406,0.2827431948570352,53.83646011851169,Warning
Ball_021,0.7319192,0.0993328688987195,53.79327069148754,Warning
Normal,0.99824405,0.004465128679607745,53.333516574986724,Warning
Ball_021,0.6939884,0.057772251447251635,53.9075417532998,Warning
Ball_007,0.703434,0.0739573960514998,53.8783226287205,Warning
OR_021,0.82423055,0.1290278972757325,53.55458247877682,Warning
OR_014,0.80928093,0.06279624230031856,53.588893707201436,Warning
OR_014,0.8094131,0.06622444621196404,53.58858234645721,Warning
OR_007,0.9998958,0.7606200099043223,85.14960035755604,Critical
Ball_007,0.67804635,0.07923248003377924,53.95793785311804,Warning
IR_014,0.9863963,0.1381507731293582,53.476977850980276,Warning
IR_021,0.71204853,0.3900545861164774,54.18706056034118,Warning
OR_021,0.90058124,0.13968381303152275,53.479879189814156,Warning
Normal,0.9965699,0.007398006307062142,53.33383392489817,Warning
Ball_021,0.8451699,0.09821778917618762,53.509770089340456,Warning
IR_007,0.99796957,0.295297211641771,53.87443510421588,Warning
IR_007,0.9996418,0.30385385249749114,53.90082406834572,Warning
Ball_021,0.7855677,0.07552817200232718,53.64698883546753,Warning
IR_014,0.9835873,0.13255278840583049,53.46658305337057,Warning
Ball_014,0.9019524,0.2658260826977465,53.78674429256084,Warning
OR_007,0.9168513,0.7901025533311616,85.45781846827074,Critical
IR_014,0.9756763,0.10152657937279991,53.41496203202673,Warning
IR_021,0.6091809,0.5918589270531827,81.60361799378165,Critical
Normal,0.99788135,0.007934153536728055,53.3339086038986,Warning
IR_014,0.98960423,0.11403790354818201,53.4345156638281,Warning
IR_007,0.9993463,0.26408821248040776,53.781735237494516,Warning
IR_007,0.998492,0.23853019567156117,53.71029354922864,Warning
IR_021,0.86657166,0.45626359391458365,60.00617076659969,Warning
Ball_021,0.81517726,0.09893797892203775,53.575139135696304,Warning
IR_021,0.9024159,0.4238926039537573,56.48823231990802,Warning
Ball_021,0.8221226,0.08931326782089168,53.559307086961496,Warning
IR_021,0.9030382,0.48451075397596444,63.602290087417515,Warning
Ball_014,0.9922719,0.024233413679322406,53.338559817936385,Warning
Ball_021,0.8320585,0.10840797370032963,53.53737340247662,Warning
OR_014,0.5588537,0.06493323901224445,54.37177244947943,Warning
Ball_007,0.49568158,0.08937180981077134,53.24873619973962,Warning
OR_014,0.7875691,0.08974946778256383,53.64191947618323,Warning
Ball_021,0.64172846,0.07043924346479534,54.077488539153556,Warning
OR_021,0.99195766,0.1871523176407257,53.58053940636771,Warning
IR_007,0.9964204,0.22840706908930553,53.68320017186262,Warning
OR_007,0.99924314,0.8585102739336781,86.06669304064314,Critical
IR_007,0.9975925,0.23955928574341906,53.713087147562725,Warning
OR_014,0.8401634,0.06075454769275286,53.520125949316174,Warning
IR_021,0.91251886,0.38806130842844067,54.18006205021332,Warning
OR_021,0.91869915,0.7517649850086513,85.05231787630397,Critical
Ball_014,0.9983222,0.02133136899299525,53.33740190219677,Warning
IR_021,0.6985953,0.4255956654671825,56.66075519473424,Warning
Ball_014,0.9304753,0.04989663142295985,53.37344209028095,Warning
IR_007,0.99812037,0.2661288469520113,53.7876188554345,Warning
IR_014,0.99539375,0.12437251847661945,53.451968757308805,Warning
OR_021,0.65381396,0.29897401071578705,54.03700499960905,Warning
Ball_007,0.7170173,0.08025848771986163,53.83717617216581,Warning
OR_014,0.6920282,0.1555119650796939,53.91366594988069,Warning
Ball_014,0.99782383,0.023995078857445274,53.33845947605185,Warning
IR_007,0.9976599,0.24105987482032787,53.717173513167324,Warning
Ball_014,0.97592545,0.035143730259628705,53.34413650291284,Warning
IR_007,0.99864584,0.24098242893321156,53.71696224331492,Warning
IR_007,0.99824,0.2824870973236815,53.83569484973126,Warning
Normal,0.9986558,0.009086557864336214,53.334086424013485,Warning
OR_014,0.85331005,0.07409639923803303,53.493432074648915,Warning
Ball_007,0.7695334,0.05522871338415835,53.68865470324403,Warning
OR_007,0.996369,0.8110385482465876,85.6609442375331,Critical
OR_007,0.99954236,0.8346762373043303,85.87304621639737,Critical
Ball_007,0.7322568,0.057502801785241614,53.7922914910412,Warning
Ball_014,0.9859239,0.040296645301341014,53.347422459352416,Warning
IR_014,0.99352574,0.11233781042965695,53.431755610168864,Warning
OR_007,0.99805814,0.8363921837694841,85.8876886228543,Critical
Ball_014,0.7373789,0.05384039145434101,53.77752117139618,Warning
OR_014,0.8076126,0.062051020554649186,53.592836817322045,Warning
Normal,0.9969934,0.004044277340105351,53.33348376545506,Warning
IR_021,0.84342414,0.5232825444993794,69.65749228138036,Warning
IR_007,0.9986731,0.25937155415296964,53.76823513763328,Warning
Normal,0.99833626,0.0074380368505517535,53.33383932360025,Warning
OR_007,0.9997751,0.902344141535044,86.36289809090076,Critical
Ball_021,0.92971766,0.4165994043764906,55.77012659979615,Warning
IR_007,0.99913234,0.2751788633173567,53.81401860929066,Warning
IR_014,0.98174274,0.10665500012276721,53.42276318279792,Warning
IR_021,0.85774106,0.46766992423173254,61.393948719054386,Warning
OR_014,0.71126735,0.08451236862456726,53.85446582062865,Warning
IR_014,0.99281836,0.08670085051944204,53.39414776119688,Warning
OR_021,0.616483,0.42517732734991986,56.61828347179786,Warning
IR_014,0.9732656,0.10485629535374415,53.419992783933324,Warning
OR_007,0.999813,0.7303566601932151,84.80875224297729,Critical
Ball_014,0.969549,0.21133964758763835,53.63916802958927,Warning
OR_021,0.9972275,0.2362574771863774,53.70414945323005,Warning
Ball_007,0.7062018,0.06212607300082678,53.869853808957274,Warning
OR_021,0.9529402,0.7298348320146323,84.8026727012312,Critical
Ball_007,0.7684493,0.06322912662468452,53.69153775045559,Warning
Ball_021,0.6755474,0.08990506575961425,53.965956829314415,Warning
OR_021,0.91500694,0.20031878296109923,53.61188632761331,Warning
Ball_007,0.66828996,0.06555745070671894,53.989424142606396,Warning
Ball_007,0.6638497,0.05525271224817438,54.003910708045964,Warning
IR_021,0.8543564,0.5510683492112207,74.36375762129656,Warning
Ball_021,0.5217964,0.06979065181424393,54.511623877060316,Warning
OR_014,0.7146302,0.07531939251037065,53.84433091741657,Warning
IR_021,0.9011167,0.4433433104031101,58.532350825165935,Warning
IR_014,0.8985591,0.12199502417355382,53.44785232757695,Warning
Ball_021,0.43964705,0.06822790298119662,34.093969012179286,Safe
OR_014,0.809985,0.11297101393297747,53.58723643248907,Warning
OR_014,0.77492607,0.08665989295799292,53.67443593385142,Warning
OR_007,0.9950041,0.8263004802579123,85.80007921856075,Critical
Ball_014,0.99430555,0.03504091544542871,53.34407512374742,Warning
IR_021,0.51010954,0.40105064142432184,54.70759218412337,Warning
OR_014,0.54672486,0.06874610200399354,54.41703431967471,Warning
OR_007,0.9957782,0.7015380428173122,84.46340662325632,Critical
Normal,0.9986895,0.012608446100615798,53.33477500926196,Warning
Ball_014,0.9981824,0.029707787901762595,53.34111959616627,Warning
OR_014,0.7422413,0.08120600980097452,53.763650788404405,Warning
Normal,0.9988765,0.014530528150364501,53.335242073588965,Warning
OR_021,0.9893957,0.8082523833495803,85.63471187821568,Critical
Ball_021,0.78952956,0.09665107935333812,53.63698280238961,Warning
Ball_014,0.6804779,0.06100330012630504,53.95016560661444,Warning
Ball_007,0.7387155,0.0625615173191732,53.77369354782542,Warning
Ball_014,0.7355838,0.08371763486467121,53.78267921554537,Warning
IR_014,0.98217106,0.10294565006338473,53.417090455681596,Warning
OR_021,0.88143826,0.641281518988723,83.68400569979157,Critical
OR_021,0.6777245,0.41244573871654294,55.375192897141496,Warning
Normal,0.99834764,0.009815965569987012,53.33421113167755,Warning
IR_014,0.99303484,0.12648422924625694,53.45567490665604,Warning
Normal,0.9985733,0.004249140512133988,53.333499335455116,Warning
Ball_021,0.7609029,0.09394523263929754,53.711831647271325,Warning
Normal,0.9985123,0.005945278325773809,53.3336574030659,Warning
OR_014,0.78450245,0.08446027486203089,53.64969912681955,Warning
Ball_007,0.5388411,0.07602831426729666,54.44672565366265,Warning
Normal,0.9974763,0.012216976659777903,53.33468774165949,Warning
OR_014,0.8213087,0.09747893948471519,53.561141404950135,Warning
IR_007,0.99830073,0.28243619405115467,53.83554278640994,Warning
IR_014,0.8743649,0.08491764641042265,53.454179008772684,Warning
OR_021,0.7735675,0.4108165990875294,55.22174915139511,Warning
OR_014,0.73447835,0.06865288274855495,53.785865466965284,Warning
OR_014,0.48894897,0.08289063962292391,51.116438611355704,Warning
OR_007,0.99999845,0.9515143067487257,86.58610762223019,Critical
OR_014,0.62292916,0.06442448453924891,54.1417725028364,Warning
Ball_014,0.54188615,0.0810527898242483,54.43523271233466,Warning
OR_021,0.97216886,0.3952114497305236,54.205242346797526,Warning
OR_021,0.8532693,0.6252760336241621,83.46534891882075,Critical
Ball_014,0.9712308,0.04172057511352606,53.34840225252155,Warning
OR_021,0.890655,0.16699960406874279,53.53533885379959,Warning
Ball_007,0.60829985,0.09296210474377416,54.19285056755439,Warning
OR_021,0.9881039,0.8326589142202748,85.85569776787557,Critical
Normal,0.9984653,0.009834374846329182,53.33421440068731,Warning
OR_007,0.9999641,0.7657793702639981,85.20530789954772,Critical
OR_014,0.5606682,0.08320587916034053,54.36504562603805,Warning
IR_014,0.98720795,0.09432860960595747,53.40452830152989,Warning
Ball_021,0.84824127,0.09943729632180719,53.503532090257444,Warning
IR_021,0.845146,0.3798559773882406,54.1514272782447,Warning
Ball_014,0.7735544,0.07859672877935334,53.678033145369156,Warning
Ball_021,0.8727542,0.13533241587189201,53.47170508942928,Warning
OR_014,0.74067837,0.0884098561062363,53.76809298972733,Warning
OR_014,0.8253664,0.08538523830071817,53.552052516751424,Warning
Ball_014,0.6568751,0.1159118772983618,54.02685943085748,Warning
OR_014,0.85904104,0.08700642826754448,53.48231016761688,Warning
Ball_007,0.5000528,0.08450784367537416,54.59575350162897,Warning
IR_021,0.68167764,0.636842822902341,83.62382339125006,Critical
Normal,0.99780303,0.006019030094745966,53.33366545274695,Warning
IR_021,0.600364,0.35792865226431125,54.220928160571304,Warning
OR_014,0.52202034,0.06406310139369673,54.510765131995676,Warning
OR_021,0.85105586,0.6948631508358798,84.38073862523188,Critical
IR_021,0.864806,0.4932121893236869,64.8293023701105,Warning
IR_007,0.99771464,0.24728962965632528,53.73429920796301,Warning
OR_007,0.981206,0.7588362511997166,85.13017223477313,Critical
Ball_021,0.77732086,0.08350767067430438,53.668187782796196,Warning
OR_021,0.9731923,0.6240286152158464,83.44811870101253,Critical
Ball_014,0.4067481,0.08178743903141558,24.3740833265158,Safe
OR_014,0.684073,0.07903299904547183,53.93873022336162,Warning
Ball_014,0.9350711,0.04070668639236954,53.368556487187625,Warning
IR_014,0.9923666,0.11684376342179925,53.43914024960847,Warning
OR_014,0.5346937,0.09752180740536427,54.462429255002576,Warning
Ball_007,0.48074353,0.081460061273051,48.456683936219775,Safe
OR_014,0.8358704,0.06963859934186636,53.52918819836491,Warning
Ball_007,0.68287104,0.08571356231929672,53.942545945768366,Warning
Ball_007,0.51750946,0.07301820442344086,54.52809420216274,Warning
OR_007,0.9972019,0.8806368830597476,86.22653803528341,Critical
OR_014,0.5881729,0.06039049604848048,54.264550578464025,Warning
Ball_021,0.7337361,0.09568359831823693,53.78800915715959,Warning
IR_007,0.9988354,0.30237383415489727,53.89623095662246,Warning
OR_014,0.7868216,0.0910834600876871,53.643809340047135,Warning
Normal,0.9975598,0.006301453911899353,53.3336971816866,Warning
OR_021,0.9772046,0.17740578160752413,53.558246700417556,Warning
Ball_021,0.522388,0.08281111574020852,54.509355647089414,Warning
Ball_021,0.8649108,0.1135489797893647,53.471253832749134,Warning
IR_021,0.8722774,0.4650465754264532,61.06667953832517,Warning
Ball_021,0.86913276,0.12314984003927906,53.46351532230236,Warning
Ball_014,0.9565246,0.04493874765518347,53.35072939569119,Warning
IR_007,0.9981458,0.3091962656907859,53.91750209818858,Warning
Normal,0.9975304,0.0074282313311529345,53.333837998538264,Warning
OR_021,0.8811204,0.22876916986441956,53.68415701382154,Warning
OR_007,0.9988147,0.7211832856226786,84.70092343882223,Critical
Ball_021,0.6873042,0.08093517720199951,53.92850951354864,Warning
IR_021,0.6312589,0.4775355446112199,62.66092043845297,Warning
Normal,0.996438,0.005982043628891401,53.33366140361525,Warning
IR_014,0.9934708,0.12695711871955812,53.45651123917403,Warning
Ball_021,0.66875756,0.09432715410774806,53.98790422644549,Warning
IR_021,0.889071,0.5108061857954305,67.59307138239708,Warning
OR_007,0.9995364,0.7180802496625242,84.6639965295423,Critical
OR_014,0.4955449,0.06501783533783011,53.20585059774134,Warning
OR_014,0.8504065,0.09064468866197935,53.49918772886319,Warning
Ball_021,0.89655346,0.11148619269525223,53.43038504228732,Warning
OR_007,0.9991566,0.7296305145392625,84.80029050524172,Critical
OR_007,0.9933322,0.7136503164357324,84.61089059248476,Critical
OR_007,0.99953127,0.7744557184381973,85.2973283718822,Critical
Ball_014,0.7099164,0.07429693984935062,53.858555463268296,Warning
OR_007,0.9532937,0.6828989345379053,84.23017073389637,Critical
OR_014,0.6294567,0.05992020181082936,54.1192753575226,Warning
IR_007,0.9991435,0.26408478173384475,53.78172536755193,Warning
Normal,0.99861825,0.011809675390661545,53.33459978049498,Warning
IR_021,0.7777816,0.605339507483796,83.18682146599454,Critical
IR_014,0.99225146,0.115727876508173,53.437290762473985,Warning
IR_021,0.8239726,0.41465288042993675,55.58437368804384,Warning
OR_014,0.8100349,0.08973444105740024,53.58711915020985,Warning
OR_021,0.66011673,0.3992495696790822,54.21955515266277,Warning
OR_021,0.5398414,0.11242144215961461,54.44294680388979,Warning
OR_014,0.7382232,0.08275892959119312,53.77510211205936,Warning
